Left_Mean,Right_Mean,Left_STD,Right_STD,Symmetry,Balance,Left_Range,Right_Range,Total_Pressure,Force_Variation,Stage,Logistic_Regression_Predicted,Decision_Tree_Predicted,Random_Forest_Predicted,SVM_Predicted,True_Stage_Name,Predicted_Stage_Name
85.2951,90.468675,56.298504744708815,44.95764886528627,5.173575,0.942813527133726,271.59000000000003,155.65,1406.1102,6.20418294056519,1,Early,Early,Early,Early,Early,
43.94389999999999,111.472625,61.2643827218556,89.35658392283904,67.52872500000001,0.3942124450543399,303.38,376.42,1243.3322,98.96371165816288,1,Early,Early,Early,Early,Early,
53.174,95.83915,94.00419636111997,97.8108522904156,42.66514999999999,0.5548253970506419,381.37,417.56,1192.1052,143.29338793175347,1,Early,Early,Early,Normal,Early,
126.29375,2.6587,101.6356343928521,3.268705295679009,123.63505,47.50189001433026,381.04,31.57,1031.6196,50.72702332918816,2,Mild,Mild,Mild,Mild,Mild,
20.5392,116.996,60.57639143148096,82.23896660646946,96.45680000000002,0.1755547048142923,362.78,331.76,1100.2816,107.49467265609027,1,Early,Early,Early,Early,Early,
81.12719999999999,58.20017500000001,99.7173813593197,106.17562000864125,22.92702499999998,1.3939337134409449,418.88,426.36,1114.619,155.69631166151626,0,Normal,Normal,Normal,Normal,Normal,
83.8453,48.95055,106.5202913599564,94.47458209326729,34.894749999999995,1.7128568089925833,488.84,460.57,1062.3668,137.7328280032034,0,Normal,Normal,Normal,Normal,Normal,
2.2665500000000005,128.7495,19.790156823469086,115.43498807229116,126.48295000000002,0.0176043388436973,287.98,376.86,1048.1284,82.45427473115026,1,Early,Early,Early,Early,Early,
121.16225,13.4167,92.53941537765138,46.227265943488376,107.74555,9.030697540604216,432.41,325.82,1076.6316,143.65088328806056,0,Normal,Normal,Normal,Normal,Normal,
39.902225,91.20155,80.56629254098375,113.80355187162438,51.29932500000002,0.43751691308789,341.11,460.57,1048.8302,129.25608251049542,0,Early,Early,Early,Normal,Normal,
60.408150000000006,84.06282500000002,97.13242624673543,106.72741933200378,23.65467500000001,0.7186070990824898,368.17,474.98,1155.7678,137.43728832147409,1,Normal,Normal,Normal,Normal,Early,
107.9155,22.07562500000001,98.42147375827086,67.16951868674789,85.83987499999999,4.888443752580615,439.67,371.47,1039.929,88.24502830754831,0,Normal,Normal,Normal,Normal,Normal,
1.429725,129.683125,13.722984958615053,95.57774880946074,128.2534,0.0110247566115671,249.26,415.14,1048.9028,45.29043581331493,3,Severe,Severe,Severe,Early,Severe,
117.48495,15.780874999999998,89.95409402577239,57.7105382749492,101.70407500000002,7.444763078876757,363.0,420.42,1066.1265999999998,178.03677407333578,0,Normal,Normal,Normal,Normal,Normal,
42.0365,88.533775,81.47545382966578,91.64972331654566,46.49727500000001,0.4748074421532977,324.28,369.05,1044.5622,104.7280867444832,1,Early,Early,Early,Normal,Early,
67.300475,70.82377500000001,94.1138880427558,105.8095538148582,3.523300000000006,0.950252446971028,376.09,435.16,1104.994,164.06683307725547,0,Normal,Normal,Normal,Normal,Normal,
92.61285,36.167725,88.82673926176453,79.68095926301575,56.445125,2.5606483237061983,343.86,388.85,1030.2446,125.56630237782748,0,Normal,Normal,Normal,Normal,Normal,
5.66885,126.740625,33.370555302204664,95.2689785074836,121.071775,0.0447279595845484,334.07,389.95,1059.2758,91.74930413011316,1,Early,Early,Early,Early,Early,
122.389575,7.0169,85.29775412089919,32.49558179799216,115.37267500000002,17.442089894269703,362.12,308.22,1035.2518,143.65791434780056,0,Mild,Normal,Normal,Normal,Normal,
24.56795,108.5293,65.81906975791667,94.4493372290669,83.96135000000001,0.2263715672752365,304.04,396.77,1064.7779999999998,103.16170413481936,1,Early,Early,Early,Early,Early,
76.91145,56.116775,89.88110143627246,105.41569912896928,20.794675,1.370560519459552,349.8,394.02,1064.2258,172.52416873110852,0,Normal,Normal,Normal,Normal,Normal,
73.32655,51.508325000000006,90.82720475770186,95.07426322851192,21.81822499999999,1.4235861050449403,326.26,447.26,998.679,157.7898407661279,0,Normal,Normal,Normal,Normal,Normal,
8.394924999999999,126.90810000000002,40.154394740730126,102.89571812709217,118.51317500000002,0.0661496337783298,341.99,377.74,1082.4242,93.85636609394166,1,Early,Early,Early,Early,Early,
119.84719999999996,4.992625,81.76897775538104,24.093402060717267,114.85457499999995,24.004799069028675,351.56,221.98,998.7186000000002,95.70750704119295,2,Mild,Mild,Mild,Mild,Mild,
27.073475,106.65875,67.97219831794743,86.66293745850933,79.585275,0.2538326434696972,320.21,334.4,1069.8578,98.78910946637794,1,Early,Early,Early,Early,Early,
67.86642499999999,70.27707500000001,98.73171690733112,112.10527960446096,2.410650000000018,0.9656977804358274,397.32,402.82,1105.148,127.726223258969,0,Normal,Normal,Normal,Normal,Normal,
102.764475,30.1367,93.41984280507208,70.34176650191549,72.627775,3.40994338798097,403.37,339.35,1063.2094,128.10270016529708,0,Normal,Normal,Normal,Normal,Normal,
0.41745,133.19872500000002,4.749692463465397,87.33019379415332,132.78127500000002,0.0031340387729658,88.88,428.78,1068.9294,30.675662823156745,3,Severe,Severe,Severe,Severe,Severe,
121.116875,18.543800000000005,95.68888547257916,63.88684076599812,102.573075,6.531391067962838,376.09,432.19,1117.2854,121.49798726250572,0,Normal,Normal,Normal,Normal,Normal,
48.198150000000005,88.51700000000001,101.25336777894104,91.78913336555696,40.318850000000005,0.544507208275562,503.14,410.08,1093.7212,158.65338070952035,0,Normal,Normal,Normal,Normal,Normal,
51.601825,89.744875,91.82871424243822,105.98311214992876,38.14305,0.5749834656314953,378.73,359.7,1130.7736000000002,112.98863861043728,1,Early,Early,Early,Normal,Early,
104.404575,21.956550000000004,87.85070923629117,67.76933408701534,82.448025,4.755051565454697,339.13,404.69,1010.889,151.94113334117262,0,Normal,Normal,Normal,Normal,Normal,
0.3926999999999999,133.3893,2.2098370324528456,93.2543165945148,132.9966,0.0029440140293101,22.88,408.21,1070.256,48.46744800378909,3,Severe,Severe,Severe,Severe,Severe,
117.2391,21.127975000000003,93.57109889645412,68.71024262182004,96.111125,5.548995798700159,408.1,417.56,1106.9366,145.01822356669524,0,Normal,Normal,Normal,Normal,Normal,
52.9903,84.28337499999999,96.09876551709704,95.16869227250828,31.293074999999995,0.6287158495117395,434.83,420.64,1098.1894,139.57804114415703,0,Normal,Normal,Normal,Normal,Normal,
45.98715,96.1213,87.52637069979252,108.72459296226404,50.13414999999999,0.4784282486370608,370.81,420.42,1136.8676,119.32931082613358,1,Early,Early,Early,Normal,Early,
115.739525,13.057274999999995,88.72147741964386,56.22323223832275,102.68225,8.863980911805175,391.27,410.08,1030.3744,138.98794208362105,0,Normal,Normal,Normal,Normal,Normal,
2.12465,135.19357499999998,11.345240648725792,81.3263091162348,133.06892499999998,0.0157156125418229,148.72,406.34,1098.5458,49.41175653991668,3,Severe,Severe,Severe,Early,Severe,
105.22875,33.051425,92.34460129827568,87.7320786070829,72.177325,3.1837876328213883,373.45,452.32,1106.2414,159.38252348372455,0,Normal,Normal,Normal,Normal,Normal,
61.62254999999999,70.103,93.11702799164875,92.68802576115212,8.480450000000005,0.8790285894999372,327.58,396.77,1053.8044,139.8976089882883,0,Normal,Normal,Normal,Normal,Normal,
38.93285,105.307675,82.49759505511358,104.947646116263,66.374825,0.369705686721724,360.36,455.18,1153.9242000000002,142.3542249754464,1,Early,Early,Early,Early,Early,
119.612625,6.986650000000001,88.85497742309867,39.70846648735632,112.625975,17.120143960061032,384.01,369.05,1012.7942,95.25300925619096,0,Normal,Normal,Normal,Normal,Normal,
4.979425,128.99452499999998,24.21388500260491,88.15272371443989,124.01509999999998,0.0386018291395058,277.86,435.6,1071.7916,66.49610239284706,1,Early,Early,Early,Early,Early,
109.66697500000002,28.156975,86.11238708280811,83.78649214879074,81.51000000000002,3.894840836119351,370.81,472.12,1102.5916,171.53802942041744,0,Normal,Normal,Normal,Normal,Normal,
54.687875000000005,79.27974999999999,95.2703621790868,93.37020563561752,24.591874999999987,0.6898087860003613,408.21,381.37,1071.741,134.9439583271515,0,Normal,Normal,Normal,Normal,Normal,
36.424575,106.31995,82.67915570335352,111.28486227918648,69.89537499999999,0.3425939494333896,381.37,356.95,1141.9562,122.6619486538511,1,Early,Early,Early,Early,Early,
123.95955,3.483975,93.19072113573056,28.93745754985008,120.475575,35.579817364311275,377.85,371.47,1019.5482,73.91347792358307,0,Normal,Normal,Normal,Normal,Normal,
9.408025,127.519425,40.52732901203058,84.48987979586298,118.11140000000002,0.0737771854149134,367.51,396.77,1095.4196000000002,111.66744855973026,1,Early,Early,Early,Early,Early,
97.03595,42.13495000000001,94.9396607698674,96.62195864034996,54.901,2.3029795210438078,365.64,443.85,1113.3672,149.4202008704312,0,Normal,Normal,Normal,Normal,Normal,
63.31105,70.8125,90.08813588868126,90.42076996326674,7.501449999999998,0.8940658931592737,358.05,386.32,1072.9884000000002,138.5684860617305,0,Normal,Normal,Normal,Normal,Normal,
35.518725,106.162925,80.66393543662728,102.49640445007998,70.6442,0.3345680392125557,368.17,382.25,1133.4532000000002,137.06364008649413,1,Early,Early,Early,Early,Early,
124.12290000000002,2.15875,80.54373425406845,19.2122028392764,121.96415000000002,57.49731327243418,347.6,263.45,1010.2532,56.08303862809148,2,Mild,Mild,Mild,Normal,Mild,
12.778975,127.9938,45.17355252467283,82.15158792780575,115.214825,0.0998405704150849,302.72,326.7,1126.1822,87.48090105365857,1,Early,Early,Early,Early,Early,
96.29455000000002,48.557575,96.41682386024496,91.28654060358174,47.736975000000015,1.9831000656231157,331.54,349.8,1158.817,144.0826932736892,0,Normal,Normal,Normal,Normal,Normal,
99.21779999999998,57.04765,73.64294041630875,70.23074000021286,42.17014999999999,1.739208935125472,297.88,349.25,1250.1236,62.63179207910311,1,Early,Early,Early,Early,Early,
40.9211,116.11655,59.86615061777398,92.851328981321,75.19545,0.3524139881512164,368.17,378.95,1256.3012,61.28356914018634,1,Early,Early,Early,Early,Early,
128.741525,17.705325,128.27269418283993,38.13750695698887,111.0362,7.271340813376308,458.48,275.77,1171.5748,78.55619772468626,0,Normal,Normal,Normal,Normal,Normal,
8.058050000000001,135.17542500000002,16.674349183626326,104.80848257330784,127.117375,0.0596117926308134,113.41,425.7,1145.8678,49.89650193310147,3,Severe,Severe,Severe,Early,Severe,
82.9103,61.3701,87.08704669128468,101.23926668042397,21.54020000000001,1.3509882905538215,334.07,399.85,1154.2432,115.54672408060736,0,Normal,Normal,Normal,Normal,Normal,
87.132375,44.92125,88.92408163208307,89.20302567142832,42.211125,1.939668989694412,311.74,426.03,1056.429,140.57996772300098,0,Normal,Normal,Normal,Normal,Normal,
17.30465,123.275075,65.32916120981119,98.74488757143013,105.970425,0.1403742694641013,427.02,449.57,1124.6378,160.4605294929566,1,Early,Early,Early,Early,Early,
125.53915,1.1063250000000002,88.00586244550699,6.716204191682604,124.432825,113.47299868484676,375.87,80.3,1013.1638,62.345294927203625,2,Mild,Mild,Mild,Mild,Mild,
27.1766,109.21349999999998,80.41000875786546,91.30636205243312,82.03689999999999,0.2488391774973627,451.55,399.41,1091.1208,118.13384442808928,1,Early,Early,Early,Normal,Early,
82.072925,55.71445,96.06965095280806,104.13946355343636,26.358475,1.4730991738948918,405.46,411.62,1102.299,172.0633238345697,0,Normal,Normal,Normal,Normal,Normal,
73.55590000000001,57.330625,89.22705948416096,98.98241783195324,16.22527500000001,1.2830121278091549,328.24,471.13,1047.0922,160.036233138499,0,Normal,Normal,Normal,Normal,Normal,
28.7232,108.92915,80.52096141229313,107.15398398229298,80.20595,0.2636869686684447,427.02,423.39,1101.2188,164.38941576196444,1,Early,Early,Early,Normal,Early,
116.37560000000002,4.940925,90.0081977663146,37.42037125543218,111.43467500000004,23.553355791970557,363.0,455.18,970.5322,105.26239395510628,0,Normal,Normal,Normal,Normal,Normal,
5.5649,131.917225,26.49613041540217,91.70385486199244,126.352325,0.0421847835121771,282.37,463.21,1099.8570000000002,120.0985929184851,1,Early,Early,Early,Early,Early,
103.42365,33.157575,89.26913820675934,87.52740335386041,70.266075,3.119155089250317,368.17,432.19,1092.6498,181.51397638187532,0,Normal,Normal,Normal,Normal,Normal,
49.83604999999999,81.1569,86.3764598423523,105.5781665184142,31.32085,0.6140703237715679,322.19,460.57,1047.9435999999998,165.33220958736382,0,Normal,Normal,Normal,Normal,Normal,
49.923775,92.257,92.75876521924694,106.47515159416304,42.333225000000006,0.5411380121683977,373.45,414.59,1137.4462,124.6586260134452,1,Early,Early,Early,Normal,Early,
107.126525,20.32195,87.19152116275053,67.81596394063494,86.804575,5.2714661873165785,318.56,418.0,1019.5878,133.88732318319015,0,Normal,Normal,Normal,Normal,Normal,
2.4887500000000005,133.518275,20.68631361401784,98.0488369654346,131.02952499999998,0.0186397690773215,280.39,440.0,1088.0561999999998,76.82700222942452,1,Early,Early,Early,Early,Early,
118.594025,13.268749999999995,86.07726683073398,53.29224701996998,105.325275,8.937837823579597,365.64,429.33,1054.9022,163.99400678427244,0,Normal,Normal,Normal,Normal,Normal,
32.36035,103.01445,76.81209310308827,97.82805086322378,70.6541,0.3141340545783572,310.09,436.59,1082.9984,145.6640071995824,1,Early,Early,Early,Early,Early,
65.4346,76.68512500000001,96.58953528897425,110.47730104408043,11.25052500000001,0.8532892326524559,381.37,443.85,1136.9578,109.4087637676251,0,Normal,Normal,Normal,Normal,Normal,
91.2659,39.843375,91.88260420063202,85.42194093357617,51.42252500000001,2.290616121095133,374.55,415.36,1048.8742000000002,150.60398082507643,0,Normal,Normal,Normal,Normal,Normal,
4.219600000000001,131.83005,28.555240540748382,94.3495311699931,127.61045,0.032007874380092,313.61,446.71,1088.3972,69.53762296886484,1,Early,Early,Early,Early,Early,
122.83865,7.89525,93.98817536093304,37.547465060074295,114.9434,15.55853132132444,425.15,382.25,1045.8712,115.16800977076927,0,Normal,Normal,Normal,Normal,Normal,
28.12205,107.06135000000002,83.43733092146164,90.3611347714132,78.93930000000002,0.2626722656988478,463.21,412.72,1081.4672,144.33953581801487,1,Early,Early,Early,Normal,Early,
84.82787500000002,53.09947499999999,97.81111246803388,107.36734193866576,31.72840000000003,1.5975272641533158,391.93,472.12,1103.4188,153.00392946117432,0,Normal,Normal,Normal,Normal,Normal,
67.37280000000001,62.92549999999999,98.71368587313516,97.74550437360278,4.44730000000002,1.0706754700915415,398.53,449.9,1042.3864,161.17247531461445,0,Normal,Normal,Normal,Normal,Normal,
29.407675,110.1815,76.66116439139425,103.9738703148536,80.773825,0.2669020872921418,373.45,352.66,1116.7134,126.27034762936228,1,Early,Early,Early,Early,Early,
118.41445,3.5760999999999994,84.84865668764297,28.81715432324989,114.83835,33.112641948933344,364.32,366.52,975.9244,85.40624406119264,0,Normal,Normal,Normal,Normal,Normal,
7.150550000000001,129.15705000000003,31.112203477052216,87.29677454120227,122.00650000000005,0.0553632143686144,277.86,386.32,1090.4608,83.44020845707422,1,Early,Early,Early,Early,Early,
96.243675,41.75325000000001,96.28821045042002,97.73457747868711,54.49042499999999,2.305057736809053,370.81,446.71,1103.9753999999998,123.48595298591658,0,Normal,Normal,Normal,Normal,Normal,
59.91672500000001,74.386675,95.20276889893684,95.03278312084927,14.46994999999999,0.8054764774099021,422.73,420.64,1074.4272,144.88637001512598,0,Normal,Normal,Normal,Normal,Normal,
47.720200000000006,92.273775,91.52491896997232,108.2981717828116,44.55357499999998,0.517158800844682,384.01,432.19,1119.9518,136.0739159970051,1,Early,Early,Early,Normal,Early,
100.139325,23.499025000000003,86.9312747306421,73.95367317989943,76.64029999999998,4.261422862683509,341.44,457.82,989.1068,182.04032059343336,0,Normal,Normal,Normal,Normal,Normal,
0.30745,133.67475000000002,2.5050745492899003,93.50934561014476,133.36730000000003,0.0022999854273162,41.8,386.87,1071.8575999999998,61.81709671474389,3,Severe,Severe,Severe,Severe,Severe,
118.9045,17.9201,92.0058637275364,61.50627321249435,100.9844,6.635255029126496,391.93,391.05,1094.5968,151.51206678598246,0,Normal,Normal,Normal,Normal,Normal,
40.487975,94.409425,82.12378311822572,92.25091851531548,53.92145,0.4288551774512791,346.17,418.0,1079.1792,148.80048006427933,1,Early,Early,Early,Normal,Early,
62.316100000000006,79.74945,94.47286808544555,109.80977862511835,17.43334999999999,0.7813983944217303,363.0,414.59,1136.5244,116.19931617974352,1,Early,Early,Early,Normal,Early,
95.8408,40.174475,99.3133086618304,87.52504957567504,55.666325,2.38561365503503,474.87,441.87,1088.1222000000002,170.35487519046822,0,Normal,Normal,Normal,Normal,Normal,
6.997925,128.604025,36.71759650963519,104.27521705107776,121.6061,0.0544145057345984,349.8,369.16,1084.8156,108.88788145904942,1,Early,Early,Early,Early,Early,
124.4045,6.49055,84.75750173141019,30.782739891008724,117.91395,19.166990213479277,380.49,287.43,1047.1604,127.56388029469784,2,Mild,Mild,Mild,Normal,Mild,
24.8039,113.91435,69.57899987632761,86.922913026874,89.11045000000001,0.217741643810315,350.9,394.13,1109.746,139.60759542374478,1,Early,Early,Early,Early,Early,
79.34135,62.645,96.66882761096,106.19545418001658,16.696350000000002,1.266523063848182,370.81,399.85,1135.8908,134.1611067312729,0,Normal,Normal,Normal,Normal,Normal,
83.83155,49.5737,94.12023861846878,93.48084743309722,34.25784999999999,1.6910485416564542,398.53,402.05,1067.242,139.98723950417764,0,Normal,Normal,Normal,Normal,Normal,
12.468775,128.93925,50.58651043756008,97.93454591683928,116.470475,0.0967027032728433,360.36,408.65,1131.2642,135.7634532720791,1,Early,Early,Early,Early,Early,
121.993025,3.917925,86.8272297156795,21.31230801542562,118.0751,31.13707220768083,340.78000000000003,255.86,1007.2875999999998,81.68121342291629,2,Mild,Mild,Mild,Normal,Mild,
34.287825,101.029225,77.97153301378249,93.09371956877314,66.74140000000001,0.3393851789533989,323.07,399.41,1082.5364,126.1526588187502,1,Early,Early,Early,Early,Early,
70.15690000000001,72.417125,95.32668168403848,102.29930176929057,2.2602249999999917,0.968788671355198,365.64,402.82,1140.5922,148.52275194447483,0,Normal,Normal,Normal,Normal,Normal,
102.928925,30.2885,83.9421025653657,68.03202962392054,72.640425,3.398282880207709,323.07,359.15,1065.7394,109.93828414906248,0,Normal,Normal,Normal,Normal,Normal,
18.4822,124.76255,40.58318249792641,95.58677386802788,106.28035,0.1481389929799452,267.41,405.79,1145.958,97.39024298152252,1,Early,Early,Early,Early,Early,
140.46669999999995,2.1221750000000004,88.91663851951445,8.998287060289586,138.34452499999998,66.18965830028954,322.85,96.69,1140.711,19.19613463695232,2,Mild,Mild,Mild,Mild,Mild,
57.944425,96.525,60.973004310673225,71.552894242651,38.58057500000001,0.6003047811132057,300.85,308.22,1235.7554,48.30156495228699,1,Early,Early,Early,Early,Early,
55.25355,104.313,72.78884580344368,75.8996807601982,49.05944999999999,0.5296899207490993,355.08,299.31,1276.5324,102.475899304373,1,Early,Early,Early,Early,Early,
112.977975,32.499500000000005,87.77040013096314,57.13056610300654,80.478475,3.476297796489854,355.08,306.24,1163.8198,76.47303698663994,0,Mild,Normal,Normal,Normal,Normal,
8.71585,135.435575,35.34522693769981,99.7458661156911,126.719725,0.0643542094199246,305.91,426.58,1153.2114,88.66861345504392,1,Early,Early,Early,Early,Early,
123.6466,8.742525,98.11688038986972,37.63053207004088,114.904075,14.143106089938444,393.91,364.54,1059.113,89.97018351098326,0,Normal,Normal,Normal,Normal,Normal,
39.8871,94.6132,91.49451815868532,93.8639649346862,54.72609999999999,0.4215806651100835,444.62,394.13,1076.0024000000003,129.36926428731053,0,Normal,Normal,Normal,Normal,Normal,
62.7319,76.413975,106.445977570268,109.57279090837,13.682074999999998,0.8209478932423169,472.23,411.62,1113.167,118.336423813634,0,Normal,Normal,Normal,Normal,Normal,
89.8238,35.185425,91.43816404029556,86.36597128973526,54.638375,2.552868821999785,330.33,428.67,1000.0738,145.32316957581125,0,Normal,Normal,Normal,Normal,Normal,
10.176375000000002,130.086,49.62243805587725,99.579513000918,119.909625,0.078228050810383,378.73,421.63,1122.099,132.21667296146882,1,Early,Early,Early,Early,Early,
127.06099999999998,4.693975000000001,81.34435405423046,24.28717305388536,122.36702499999998,27.068897748927608,367.29,275.66,1054.0398,115.8672617349698,2,Mild,Mild,Mild,Normal,Mild,
29.686525000000003,107.597325,82.24261521969237,93.82414245861445,77.9108,0.2759039059842886,439.67,455.18,1098.2708,142.16768030519452,1,Early,Early,Early,Normal,Early,
70.774,70.0271,98.81338725850866,107.76731931615448,0.7468999999999966,1.0106657264593668,391.93,382.25,1126.4088000000002,143.62012972616338,0,Normal,Normal,Normal,Normal,Normal,
84.9123,45.155275,86.1313672694797,88.34096027848221,39.757025,1.880450981540699,329.78,410.08,1040.5406,166.0983874504506,0,Normal,Normal,Normal,Normal,Normal,
14.3638,125.25315,55.68973266734182,95.92533508973268,110.88935,0.1146781446472089,360.36,449.57,1116.9356,137.96423288896293,1,Early,Early,Early,Early,Early,
125.10904999999998,1.987425,84.40243257808096,11.84869172606727,123.12162499999998,62.95000842794858,357.61,144.98,1016.7718000000002,74.1098691859593,2,Mild,Mild,Mild,Mild,Mild,
23.67035,114.4781,70.08359074260892,88.94343129422205,90.80775,0.2067674772059042,381.7,410.08,1105.1876000000002,131.99142221462725,1,Early,Early,Early,Early,Early,
77.39985,63.12734999999999,100.56430638639884,106.44667812561131,14.272500000000017,1.2260903988381586,384.01,435.16,1124.2176000000002,122.2421964717585,0,Normal,Normal,Normal,Normal,Normal,
80.98365000000001,54.04217500000001,92.94869423062111,95.99519198126217,26.941475000000004,1.4985265677174229,410.63,452.54,1080.2066,167.02025371325476,0,Normal,Normal,Normal,Normal,Normal,
14.141875,124.609925,53.75458207199062,97.7951799591594,110.46805,0.1134891451472147,349.8,362.56,1110.0143999999998,120.56347450467742,1,Early,Early,Early,Early,Early,
124.0866,1.92335,93.7211869079772,11.158755767445578,122.16325,64.5155353132019,438.79,116.05,1008.0796,65.14911287070606,2,Mild,Mild,Mild,Mild,Mild,
17.6418,120.204425,65.50552788704171,90.54576441043156,102.56262499999998,0.1467649675321879,446.93,423.28,1102.7697999999998,130.23500287541748,1,Early,Early,Early,Early,Early,
89.566125,47.46059999999999,86.14691249681775,104.1547980058528,42.10552500000001,1.8871675901342189,326.37,480.59,1096.2138,130.84021491712707,0,Normal,Normal,Normal,Normal,Normal,
63.701275,67.1836,88.21372634757232,94.7363881728663,3.482325000000003,0.9481668966582772,346.17,418.0,1047.079,144.4887685081439,0,Normal,Normal,Normal,Normal,Normal,
36.601125,101.1736,88.05511704883693,109.87745677362578,64.572475,0.3617655335220321,405.46,441.1,1102.1978,121.95998086733204,1,Early,Early,Early,Normal,Early,
114.531725,12.28315,84.84902379387977,56.221870327102245,102.248575,9.3242882938918,355.08,428.67,1014.519,159.8202204509805,0,Normal,Normal,Normal,Normal,Normal,
2.124925,131.254475,12.27854850926505,88.2552648215639,129.12955000000002,0.0161893515486346,166.87,425.81,1067.0352,81.46824702275116,3,Severe,Severe,Severe,Early,Severe,
107.41445,27.046800000000005,88.51961087068504,80.1559592124004,80.36765,3.9714276840780847,373.45,443.85,1075.6899999999998,147.38005253086322,0,Normal,Normal,Normal,Normal,Normal,
45.179475,86.6525,85.57455712403292,100.92062703060265,41.473025,0.5213868011440177,336.71,436.59,1054.6557999999998,159.9456955230743,0,Normal,Normal,Normal,Normal,Normal,
50.6462,87.396925,93.39964028335442,112.81016627190289,36.750725,0.5794962946927144,378.73,466.51,1104.3449999999998,73.7927955358787,1,Early,Early,Early,Normal,Early,
95.3271,29.487975,89.58039783953853,82.17596858966358,65.83912499999998,3.232743776829783,355.63,460.57,998.5205999999998,174.86485348874427,0,Normal,Normal,Normal,Normal,Normal,
4.434374999999999,132.497475,29.870968340671094,96.48843386838848,128.06310000000002,0.0334676163853223,316.14,423.72,1095.4548000000002,101.81466287799611,1,Early,Early,Early,Early,Early,
120.92712499999998,8.316275000000001,82.46214754652206,38.00260165270762,112.61084999999996,14.541002983904468,355.08,361.57,1033.9472,155.62290769729245,0,Normal,Normal,Normal,Normal,Normal,
28.006000000000004,106.61805,72.62896422227153,94.64284169284808,78.61205,0.2626759481461209,320.76,439.23,1076.9924,136.27694561531675,1,Early,Early,Early,Early,Early,
74.34955,66.75569999999999,92.329244282608,105.37183856235023,7.593850000000003,1.1137556622497162,352.44,414.59,1128.842,141.69383643616968,0,Normal,Normal,Normal,Normal,Normal,
79.6642,48.213275,89.3683392754951,97.15631085279212,31.450925,1.6523288135210037,314.16,444.62,1023.0198,159.48839069336674,0,Normal,Normal,Normal,Normal,Normal,
13.2132,125.731375,51.859296203863,99.86039538205011,112.518175,0.1050907058726824,352.44,417.56,1111.5566,122.66813220408956,1,Early,Early,Early,Early,Early,
123.995575,2.3331,81.15024971723362,13.247432898112752,121.662475,53.14604755026552,342.76,159.5,1010.6294,74.18329279318895,2,Mild,Mild,Mild,Mild,Mild,
23.582075,112.43375,67.99621160362081,91.73159987396654,88.851675,0.2097419404990102,348.59,418.0,1088.1266,120.8653138598498,1,Early,Early,Early,Early,Early,
81.17559999999999,57.30174999999999,93.48513447944543,104.60886728159092,23.87385,1.416633625215002,360.36,417.56,1107.8188,133.29828473975203,0,Normal,Normal,Normal,Normal,Normal,
74.95757499999999,57.412575,92.6914545029334,91.98650985943196,17.544999999999995,1.3055948447539854,408.21,412.72,1058.9612000000002,149.6980940511936,0,Normal,Normal,Normal,Normal,Normal,
18.906525,120.679075,60.65825377204965,102.84367043427795,101.77255,0.1566677854741772,363.0,432.19,1116.6848,110.58544045650854,1,Early,Early,Early,Early,Early,
123.219525,0.947925,86.70529184268037,5.822301344346151,122.2716,129.9873145310596,424.16,71.28,993.3396,55.43318027896291,2,Mild,Mild,Mild,Mild,Mild,
15.85925,124.3066,61.42838530302991,86.82369970198229,108.44735,0.127581711061061,439.67,410.08,1121.3268,136.03251950088992,1,Early,Early,Early,Early,Early,
91.837625,47.41907499999999,96.76779932193033,101.07798520891863,44.41855000000001,1.9367228406031036,368.17,443.85,1114.0536000000002,127.8666109781596,0,Normal,Normal,Normal,Normal,Normal,
71.133975,64.545525,95.25409050770142,93.5657076055345,6.588450000000009,1.1020742953017588,429.99,402.05,1085.436,149.39899363784215,0,Normal,Normal,Normal,Normal,Normal,
24.083125,115.928175,68.35525980116215,101.5802515424104,91.84505,0.2077417583998231,360.36,394.02,1120.0904,111.69292265779424,1,Early,Early,Early,Early,Early,
124.24005,0.363,82.9535547128482,2.769401559904233,123.87705,342.2496625437315,363.33,33.88,996.8244,70.74433775674206,2,Mild,Mild,Mild,Mild,Mild,
17.7551,121.46035,57.05551623191223,89.96951515028577,103.70525,0.1461802023310321,332.09,431.31,1113.7236,100.419007976777,1,Early,Early,Early,Early,Early,
79.04875,61.92065,101.86472296353384,103.74603116060634,17.128100000000003,1.2766134921688497,394.68,399.85,1127.7551999999998,131.6507673238557,0,Normal,Normal,Normal,Normal,Normal,
120.51737500000002,14.4683,84.25742927397782,53.36276177363762,106.04907500000002,8.329747911124382,347.04999999999995,341.77,1079.8854,76.3031934642319,0,Normal,Normal,Normal,Normal,Normal,
34.203125,106.879025,43.55755806957473,99.81534854820364,72.67590000000001,0.320017157714794,235.84,339.02,1128.6572,81.47518815050383,1,Early,Early,Early,Early,Early,
83.76004999999999,57.685375000000015,110.55281689309189,98.17797348875852,26.074674999999974,1.4520150987984213,475.09,354.09,1131.5634,95.93992763411909,0,Normal,Normal,Normal,Normal,Normal,
87.394725,56.7061,113.9050953400434,80.6185576048716,30.688624999999995,1.541187096064251,480.92,326.7,1152.8066,86.86986427087358,0,Normal,Normal,Normal,Normal,Normal,
25.773825,119.8791,62.79915346260151,100.72484573922166,94.105275,0.2149984680400113,355.08,356.95,1165.2234,91.15950648418408,1,Early,Early,Early,Early,Early,
121.3399,0.29205,89.25277288964192,2.501637922941687,121.04785,415.4622337875779,372.24,38.06,973.0556,68.37530616121583,2,Mild,Mild,Mild,Mild,Mild,
13.968899999999998,122.017225,49.73390987837171,100.5977347013807,108.048325,0.1144830072571305,302.72,463.21,1087.889,120.7844905813656,1,Early,Early,Early,Early,Early,
97.4347,39.028825000000005,88.78800485375262,92.88176261446256,58.40587499999999,2.4964798462470115,376.09,443.85,1091.7082,184.13487433606923,0,Normal,Normal,Normal,Normal,Normal,
54.572925,77.8228,87.2189686948566,96.7955423723634,23.249875000000003,0.701245881509547,341.44,426.03,1059.1658,157.552683646963,0,Normal,Normal,Normal,Normal,Normal,
48.581225,92.264975,89.49678032895584,103.46108144369734,43.68375,0.5265402145786942,370.81,405.79,1126.7696000000003,146.72975456886718,1,Early,Early,Early,Normal,Early,
101.880625,20.309025,83.52664357771941,71.56588830441059,81.57159999999999,5.016517279132169,306.02,465.85,977.5172,162.5507829823037,0,Normal,Normal,Normal,Normal,Normal,
0.57365,133.67805,4.01711472048036,93.74764407278458,133.10440000000003,0.00429128010984,60.17,436.7000000000001,1074.0135999999998,70.4510749601452,3,Severe,Severe,Severe,Severe,Severe,
116.26615,16.96145,85.85461762583013,62.25392220091437,99.3047,6.854725359727288,368.17,443.85,1065.8208000000002,158.10956755161908,0,Normal,Normal,Normal,Normal,Normal,
34.89255,98.883125,80.4611452441332,97.32217619065234,63.99057500000001,0.3528665429145222,362.78,476.52,1070.2054,145.7015089312393,1,Early,Early,Early,Normal,Early,
66.611875,72.115725,98.39768116543384,108.04095624333569,5.50385,0.9236801788125713,386.65,399.85,1109.8208,125.54800361359791,0,Normal,Normal,Normal,Normal,Normal,
90.9337,38.3251,85.28595575362921,88.38894073915583,52.60859999999999,2.372692472376465,300.41,404.69,1034.0704,130.52734928680658,0,Normal,Normal,Normal,Normal,Normal,
10.80145,127.557375,49.32217689232198,100.89066290970328,116.755925,0.0846791426462685,355.08,463.65,1106.8706,129.95689048926954,1,Early,Early,Early,Early,Early,
122.123925,3.1652500000000003,83.69894869318476,18.927407361746617,118.958675,38.58258879207395,360.36,244.53,1002.3134,91.2408337228458,2,Mild,Mild,Mild,Normal,Mild,
21.16125,115.43565,62.682255586708905,95.69129397483086,94.2744,0.1833164032674131,304.92,410.08,1092.7751999999998,112.6156994959406,1,Early,Early,Early,Early,Early,
79.556675,59.8785,97.10414928155426,105.06753619339324,19.678175000000003,1.3286348474602991,368.17,435.16,1115.4814,127.3802542156358,0,Normal,Normal,Normal,Normal,Normal,
77.663575,54.06445000000001,88.45234037587348,92.80984545670518,23.599124999999987,1.4364995969625884,334.4,402.05,1053.8242,123.51716036389436,0,Normal,Normal,Normal,Normal,Normal,
23.5202,115.32675,70.09384475444331,99.04583246375137,91.80655,0.203943993570963,363.0,382.25,1110.7756,133.20513476829635,1,Early,Early,Early,Early,Early,
121.6215,1.371975,78.76804583554171,14.296286697928766,120.249525,88.64637732919822,348.59,265.87,983.9478,75.40552068091566,2,Mild,Mild,Mild,Normal,Mild,
11.620125,124.420725,44.40972826683783,91.49050070211864,112.8006,0.0933937980675005,298.21,399.41,1088.3268,99.34404353437604,1,Early,Early,Early,Early,Early,
89.2353,46.82205,96.66461170154255,96.24200744372231,42.41325,1.9058388289622452,381.37,367.51,1088.4588,148.21675093780732,0,Normal,Normal,Normal,Normal,Normal,
68.10402500000001,63.20297500000001,86.52960794461845,98.10989629695555,4.901049999999998,1.0775444387634538,309.54,386.32,1050.456,137.24135353456697,0,Normal,Normal,Normal,Normal,Normal,
38.956500000000005,102.548325,84.57727162039457,102.81398141033335,63.591825,0.3798842760343208,368.17,443.85,1132.0386,140.33520610324413,1,Early,Early,Early,Early,Early,
114.1756,12.2804,84.48367220143784,50.59991156948795,101.8952,9.297376879110711,343.86,366.52,1011.648,127.4418300716056,0,Normal,Normal,Normal,Normal,Normal,
1.91015,131.692825,11.074969005712838,94.83683695573876,129.782675,0.0145045856139401,150.7,336.71000000000004,1068.8238,67.33603468841925,3,Severe,Severe,Severe,Early,Severe,
109.441475,26.955225,88.38221001465382,75.64923693567157,82.48625,4.060119490703754,368.17,361.57,1091.1736,131.38060262854637,0,Normal,Normal,Normal,Normal,Normal,
43.7899,91.5255,85.37649039103212,91.4722123885172,47.7356,0.4784447527252238,400.95,394.13,1082.5232,141.34047486038807,0,Early,Normal,Normal,Normal,Normal,
61.6671,77.344025,95.06249436865204,110.08576525849912,15.676925000000004,0.7973090620369108,384.01,411.62,1112.0890000000002,116.06780768585234,0,Normal,Normal,Normal,Normal,Normal,
90.125475,39.9388,90.62959569188408,88.38071685079274,50.18667500000001,2.256588891857319,384.01,423.28,1040.5142,153.42915502719814,0,Normal,Normal,Normal,Normal,Normal,
11.061325000000002,125.336475,49.02768631594168,96.66132059838812,114.27515,0.0882530334243855,368.17,423.39,1091.1824,126.33527987953326,1,Early,Early,Early,Early,Early,
124.242525,3.0382,88.33750170156712,17.636484109935285,121.20432499999998,40.8933302832918,366.19,221.98,1018.2458,108.07980751444738,2,Mild,Mild,Mild,Mild,Mild,
19.921000000000003,117.1258,61.99663528773155,91.55677628040428,97.2048,0.1700820681624315,327.58,418.0,1096.3744,132.329451297283,1,Early,Early,Early,Early,Early,
89.6071,47.63275000000001,90.1639512227032,97.2737292075178,41.97435,1.8812073875206887,349.8,414.59,1097.9188,169.18112694553136,0,Normal,Normal,Normal,Normal,Normal,
59.62494999999999,71.71505,87.97285007885957,94.51515534028128,12.090100000000014,0.8314146289496235,339.13,396.77,1050.7200000000005,146.57113942383066,0,Normal,Normal,Normal,Normal,Normal,
40.5229,100.75119999999998,87.73305534740028,103.11243245874864,60.22829999999998,0.4022075764648385,368.17,435.16,1130.1928,134.16950172136734,1,Early,Early,Early,Normal,Early,
114.40275,9.566975,86.86287329139822,49.8938430880943,104.835775,11.958077701595643,336.71,418.0,991.7578,118.66944685621483,0,Normal,Normal,Normal,Normal,Normal,
2.391675,132.445775,13.51472829709776,93.75033544952989,130.0541,0.0180577660512186,158.84,400.29,1078.6996,75.98494184929011,3,Severe,Severe,Severe,Early,Severe,
108.6008,27.09575,89.2243413416989,78.17842040446648,81.50505,4.008036681753898,368.17,417.56,1085.5724000000002,135.00204117805035,0,Normal,Normal,Normal,Normal,Normal,
46.794825,87.384275,91.11236098339992,94.3245606720454,40.58945,0.535506183978046,415.47,428.67,1073.4328,157.38711009533148,0,Normal,Normal,Normal,Normal,Normal,
55.65835,86.78890000000001,94.83055659057106,107.50951701263476,31.130550000000014,0.6413071670101628,365.64,446.71,1139.578,135.85404010186815,1,Normal,Early,Early,Normal,Early,
104.66225,25.8192,87.46484973369301,73.10282303960633,78.84305,4.053658109601339,311.08,423.28,1043.8516,139.50198639962085,0,Normal,Normal,Normal,Normal,Normal,
3.5070750000000004,128.187125,28.96931578747374,100.0471294415006,124.68005,0.0273590247570475,368.17,402.82,1053.5536,70.88180665756198,1,Early,Early,Early,Early,Early,
127.331875,7.25505,87.64603729624275,35.271729926351775,120.076825,17.550768015702147,424.27,349.8,1076.6954,159.21928941193025,0,Normal,Normal,Normal,Normal,Normal,
38.160375,96.613,91.46594487353956,100.55036582230818,58.452625,0.3949817421069895,472.56,371.69,1078.187,119.59072161752349,0,Normal,Normal,Normal,Normal,Normal,
56.78255000000001,83.7551,96.1881622082338,115.36774497445116,26.97254999999999,0.6779592313830166,384.01,389.51,1124.3012,137.06282472851638,0,Normal,Normal,Normal,Normal,Normal,
118.68285,8.866825,75.71302962751854,39.70047950805348,109.816025,13.385029720300423,290.62,290.84,1020.3974,96.42004583715983,2,Mild,Mild,Mild,Normal,Mild,
12.446225,120.34,36.36527227313684,89.82703351719903,107.893775,0.10342549414779,235.95,311.74,1062.2897999999998,50.890673192246126,3,Severe,Severe,Severe,Early,Severe,
107.371825,31.548275000000004,99.69887219482162,76.4584436950843,75.82354999999998,3.4034124200412155,381.37,311.74,1111.3608,56.83561530730532,0,Normal,Normal,Normal,Normal,Normal,
37.6541,107.69605,61.04932006738486,88.95656316651122,70.04195,0.3496330320719253,295.68,290.84,1162.8012,106.54388728857232,1,Early,Early,Early,Early,Early,
60.990875,86.63435,90.59983499976352,95.85783255205337,25.643475,0.7040032961517808,368.17,346.83,1181.0017999999998,143.4564145193933,1,Early,Normal,Normal,Normal,Early,
111.3442,14.933325,89.43448997092788,58.87085196592942,96.410875,7.4560839892763395,341.11,399.41,1010.2202,119.66238998933623,0,Normal,Normal,Normal,Normal,Normal,
1.7149,127.49715,8.648201748918673,100.84397755135156,125.78225,0.0134504956816292,82.17,412.83,1033.6964,27.165275022351608,3,Severe,Severe,Severe,Severe,Severe,
116.350025,16.846225,89.2423297502333,60.33017371928722,99.50379999999998,6.906589217115871,402.71,414.59,1065.57,190.90140713991607,0,Normal,Normal,Normal,Normal,Normal,
37.456375,92.8939,79.1241595444108,102.21655254551486,55.43752499999999,0.4032166909542294,324.28,455.18,1042.8022,132.34603999047349,0,Early,Normal,Normal,Normal,Normal,
71.2745,70.50505,100.97582563539652,104.98812134473832,0.7694500000000062,1.010913259275292,391.93,417.56,1134.2364,141.08434743457545,0,Normal,Normal,Normal,Normal,Normal,
84.09032499999999,46.867700000000006,88.42631585757927,92.9585591094763,37.22262499999999,1.7942059682455145,362.78,447.26,1047.6642,156.51196806749317,0,Normal,Normal,Normal,Normal,Normal,
16.234624999999998,121.9779,58.25010894289706,94.82183488305846,105.743275,0.1330947956068438,373.45,382.25,1105.7002,145.47322907655553,1,Early,Early,Early,Early,Early,
121.9658,1.254825,84.07888598132114,7.818792296088636,120.710975,97.19668322926918,361.79,91.74,985.765,90.7887843789088,2,Mild,Mild,Mild,Mild,Mild,
16.143325,118.868475,53.58652158607028,94.0418728355852,102.72515,0.1358082842563359,299.97,436.59,1080.0944,109.56142239237312,1,Early,Early,Early,Early,Early,
95.780575,43.825925,93.25919405570356,96.241232172829,51.954650000000015,2.1854770468673403,360.36,443.85,1116.852,162.05521962590404,0,Normal,Normal,Normal,Normal,Normal,
61.97729999999999,71.23819999999999,89.14176679149902,97.26010655587416,9.2609,0.8700008043436239,369.82,412.72,1065.724,139.6668453570854,0,Normal,Normal,Normal,Normal,Normal,
43.28719999999999,97.702275,89.31812846315131,104.62229831194864,54.41507500000002,0.4430520739612178,381.37,449.57,1127.9158,116.02950230161294,1,Early,Early,Early,Normal,Early,
114.202275,15.5353,92.45385461177038,58.19170737665289,98.66697499999998,7.351142333175198,365.64,394.13,1037.9006,133.10495483504738,0,Normal,Normal,Normal,Normal,Normal,
1.3989250000000002,131.13567500000002,7.644602481121892,88.90074287116151,129.73675000000003,0.010667767511185,94.49,372.13,1060.2768,58.04853164172199,3,Severe,Severe,Severe,Severe,Severe,
111.832875,22.896225,83.66607220961419,68.74900081818916,88.93665,4.884334695202071,349.8,379.28,1077.8328,177.46679366056065,0,Normal,Normal,Normal,Normal,Normal,
37.131325,94.72595,82.24532811348237,95.21035299061496,57.594625,0.3919867901048455,355.63,441.87,1054.8582,157.1025297274363,0,Normal,Normal,Normal,Normal,Normal,
68.506625,71.827525,98.87464330585156,108.21895357849463,3.320899999999994,0.953765502324422,381.37,455.18,1122.6732000000002,141.80529444897323,0,Normal,Normal,Normal,Normal,Normal,
87.40737499999999,39.25927500000001,86.42178036154644,87.32703891822037,48.14809999999998,2.226412809097261,308.11,404.69,1013.3332,145.96743464814335,0,Normal,Normal,Normal,Normal,Normal,
9.709975,126.26075,44.61866086347029,94.253128146696,116.550775,0.0769041387046933,331.54,388.08,1087.7658,122.50158144432258,1,Early,Early,Early,Early,Early,
119.764975,4.323825,84.10686072788222,22.63650681132968,115.44115,27.69878475936293,361.24,250.14,992.7104,117.91372564650815,2,Mild,Mild,Mild,Normal,Mild,
17.475975000000002,118.14715,61.07544891811582,91.10294371960492,100.671175,0.1479170129861776,374.55,436.59,1084.985,138.86315521764584,1,Early,Early,Early,Early,Early,
91.217775,47.07945,90.05162974815822,98.19962674164042,44.13832500000001,1.9375280642556223,349.8,420.42,1106.3778,153.5504708203788,0,Normal,Normal,Normal,Normal,Normal,
64.57165,65.0342,87.35168808773818,98.22919603590373,0.4625499999999931,0.9928874357049928,332.09,423.28,1036.8468,142.63348353651045,0,Normal,Normal,Normal,Normal,Normal,
35.685925000000005,103.8785,80.34337862664462,100.33466695140818,68.19257499999998,0.3435352028056622,352.44,441.1,1116.5154,129.6222114795146,1,Early,Early,Early,Early,Early,
115.718075,12.25785,85.69274799272326,53.98802081830284,103.460225,9.440316254223822,391.27,396.77,1023.8073999999998,148.3997759137122,0,Normal,Normal,Normal,Normal,Normal,
2.5795,128.920275,15.056467738151603,89.61510886939978,126.340775,0.0200084881909778,208.23,336.16,1051.9982,70.7938392429737,3,Severe,Severe,Severe,Early,Severe,
107.6339,26.411275,92.0614437117407,73.87210477321176,81.222625,4.075299630442063,394.68,340.89,1072.3614,152.02885356418363,0,Normal,Normal,Normal,Normal,Normal,
43.39747499999999,88.512325,85.44130170985446,98.58851332606844,45.11485000000001,0.490298612052207,346.17,444.62,1055.2784,166.43138304250195,0,Normal,Normal,Normal,Normal,Normal,
67.80619999999999,73.68542500000001,89.68003533429277,104.99950160271894,5.87922500000002,0.920211708053294,344.63,420.42,1131.933,156.46830319588693,0,Normal,Normal,Normal,Normal,Normal,
86.50317500000001,39.22875,87.07286457140006,92.72507918808968,47.274425000000015,2.2050958276529773,308.11,452.54,1005.8554,163.98616863882148,0,Normal,Normal,Normal,Normal,Normal,
12.0263,125.3758,50.609367796980045,98.6188469556403,113.3495,0.0959220123881951,347.27,394.02,1099.2168,129.73178513286555,1,Early,Early,Early,Early,Early,
124.402575,2.52945,83.90053904546367,15.095372973116628,121.873125,49.18147549279293,359.81,183.15,1015.4562,104.374235056167,2,Mild,Mild,Mild,Mild,Mild,
19.341025,117.12745,64.84790226907401,85.94765604132262,97.786425,0.1651280152408324,376.97,396.77,1091.7478,123.50232840379977,1,Early,Early,Early,Early,Early,
